google.com,12271,7843,2828,15169
facebook.com,12271,7843,32934
youtube.com,12271,7843,2828,15169
yahoo.com,12271,7843,2828,10310,36646
baidu.com,12271,7843,4134,23724
amazon.com,12271,7843,16509,,16509
wikipedia.org,12271,7843,1299,14907
taobao.com,12271,7843,4134,,58461,37963
qq.com,12271,7843,2828,4837
twitter.com,12271,7843,3356,35995,13414
live.com,12271,7843,8075,,8075
linkedin.com,12271,7843,3356,55163
weibo.com,12271,7843,4134,23724
tmall.com,12271,7843,4134,,58461,37963
ebay.com,12271,7843,1299,11643
blogspot.com,12271,7843,2828,15169
vk.com,12271,7843,3356,47541
hao123.com,12271,7843,2828,4837,4808
bing.com,12271,7843,8075
msn.com,12271,7843,8075,18403,8075
ask.com,12271,7843,3356,16798
sohu.com,12271,7843,2828,4837,4808
onclickads.net,12271,7843,3356,35415
instagram.com,12271,7843,16509,14618
reddit.com,12271,7843,1299,13335
wordpress.com,12271,7843,1299,2635
aliexpress.com,12271,7843,3356,45102
pinterest.com,12271,7843,16509,14618
xvideos.com,12271,7843,1299,46652
tumblr.com,12271,7843,3356,33612
paypal.com,12271,7843,3356,11643
imgur.com,12271,7843,3356,54113
apple.com,12271,7843,2828,714
gmail.com,12271,7843,2828,15169
microsoft.com,12271,7843,8075
adcash.com,12271,7843,3356,32244
fc2.com,12271,7843,16509
imdb.com,12271,7843,16509,,16509
alibaba.com,12271,7843,3356,45102
googleadservices.com,12271,7843,2828,15169
diply.com,12271,7843,8075,,18403,8075
netflix.com,12271,7843,16509,14618
stackoverflow.com,12271,7843,174,25791
craigslist.org,12271,7843,6461,22414
xhamster.com,12271,7843,3356,41095,,39572
naver.com,12271,7843,2516,23576
go.com,12271,7843,3356,62787
pornhub.com,12271,7843,1299,30361
xinhuanet.com,12271,7843,2828,4837,4808,17781,4808
soso.com,12271,7843,4134,23724
cnn.com,12271,7843,2828,5662
dailymotion.com,12271,7843,3356,41690
163.com,12271,7843,2828,4837,45062
outbrain.com,12271,7843,2828,3257
dropbox.com,12271,7843,3356,19679
bycontext.com,12271,7843,3356,16276
youku.com,12271,7843,2828,4837
flipkart.com,12271,7843,3356,55410,9752
pixnet.net,12271,7843,3491,9924
alipay.com,12271,7843,4134,,58461,37963
directrev.com,12271,7843,16509,,16509
jd.com,12271,7843,2828,4837,4808,9308,4835,9308
adobe.com,12271,7843,2828,1313
github.com,12271,7843,3356,36459
espn.go.com,12271,7843,2828,8137
livedoor.com,12271,7843,2516,17707
booking.com,12271,7843,3356,43996
wikia.com,12271,7843,3356,54113
indiatimes.com,12271,7843,6453,,4755
huffingtonpost.com,12271,7843,1668,,1668
nytimes.com,12271,7843,6461,40833
blogger.com,12271,7843,2828,15169
xnxx.com,12271,7843,1299,46652
buzzfeed.com,12271,7843,16509,14618
tudou.com,12271,7843,2828,4837,4808
chase.com,12271,7843,6453,209,,10934
sogou.com,12271,7843,4134,23724
youradexchange.com,12271,7843,2828,15169
china.com,12271,7843,4134,,58539
popads.net,12271,7843,6461,32475
coccoc.com,12271,7843,1299,7643
ettoday.net,12271,7843,3356,9505,18182
amazonaws.com,12271,7843,16509,,16509
douban.com,12271,7843,4134,4847,17964,4847,17964,4847
bankofamerica.com,12271,7843,3356,32787,10794
flickr.com,12271,7843,2828,10310,26101
about.com,12271,7843,3356,22780
slideshare.net,12271,7843,3356,55163
globo.com,12271,7843,3549,28604
redtube.com,12271,7843,3356,60781
daum.net,12271,7843,6453,3786
cnet.com,12271,7843,2828,6623
bongacams.com,12271,7843,1299,29789
etsy.com,12271,7843,2828,,12196
yelp.com,12271,7843,3356,33445
walmart.com,12271,7843,6461,17374
loading-delivery1.com,12271,7843,1299,46652
youporn.com,12271,7843,1299,30361
aol.com,12271,7843,1668
stamplive.com,12271,7843,3549,35415
weather.com,12271,7843,6461,7045
theguardian.com,12271,7843,3356,35825
deviantart.com,12271,7843,2828,2914,14838
quora.com,12271,7843,16509,14618
snapdeal.com,12271,7843,6453,38895
zillow.com,12271,7843,1299,18888
bbc.com,12271,7843,1299,2818
stackexchange.com,12271,7843,1299,13335
mystart.com,12271,7843,22384
wordpress.org,12271,7843,7922,13768
indeed.com,12271,7843,36351
godaddy.com,12271,7843,2828,209,26496
wellsfargo.com,12271,7843,3356,32787,,10837
forbes.com,12271,7843,2828,7018,4264
ilividnewtab.com,12271,7843,6461
vimeo.com,12271,7843,3356,54113
microsoftonline.com,12271,7843,8075,,8075
themeforest.net,12271,7843,3356,19994
wikihow.com,12271,7843,3356,27357
soundcloud.com,12271,7843,1299,15133
office365.com,12271,7843,8075
reference.com,12271,7843,3356,16798
feedly.com,12271,7843,1299,13335
popcash.net,12271,7843,1299,13335
salesforce.com,12271,7843,3356,14340
tripadvisor.com,12271,7843,3356,32286
doublepimp.com,12271,7843,2828,558
mozilla.org,12271,7843,6461,36856
livejournal.com,12271,7843,6939,8057,10922
businessinsider.com,12271,7843,3356,14492
ifeng.com,12271,7843,2828,,701,9929
ikea.com,12271,7843,6453,30060
wikimedia.org,12271,7843,1299,14907
homedepot.com,12271,7843,2828,7018,10967
w3schools.com,12271,7843,4323,17184
abs-cbnnews.com,12271,7843,1299,13335
livejasmin.com,12271,7843,3549,50144
kakaku.com,12271,7843,6939,17676,23816,4694
mediafire.com,12271,7843,6461,46179
tubecup.com,12271,7843,1299,13335
comcast.net,12271,7843,7922
foxnews.com,12271,7843,20940
taboola.com,12271,7843,3356,,19994
nih.gov,12271,7843,4323,15029,3527
zhihu.com,12271,7843,4134,,4835
files.wordpress.com,12271,7843,7922,13768
espncricinfo.com,12271,7843,3356,8426
theadgateway.com,12271,7843,2828,15169
mydomainadvisor.com,12271,7843,22384
pixiv.net,12271,7843,6939,17676,23816,4694
bestbuy.com,12271,7843,20940
vice.com,12271,7843,16509,14618
washingtonpost.com,12271,7843,3356,12008
target.com,12271,7843,20940
addthis.com,12271,7843,3356,18837
mailchimp.com,12271,7843,3356,14782
xuite.net,12271,7843,1299,9680,3462
9gag.com,12271,7843,16509
blogfa.com,12271,7843,174,12212,174
ups.com,12271,7843,2828,7018,12217
archive.org,12271,7843,6939,7941
bitauto.com,12271,7843,4134,4847,9308,4847,9308
sourceforge.net,12271,7843,3561
usps.com,12271,7843,2828,7018,5774
secureserver.net,12271,7843,2828,209,26496
groupon.com,12271,7843,6461,20940
gfycat.com,12271,7843,1299,13335
badoo.com,12271,7843,3549,12678
softonic.com,12271,7843,3356,51773
americanexpress.com,12271,7843,6453
wix.com,12271,7843,2828,2914,19551
adplxmd.com,12271,7843,174,10912,558,31815
gmx.net,12271,7843,2828,,8560
smzdm.com,12271,7843,4134,4847,4808
truemediapipe.com,12271,7843,3549,35415
steamcommunity.com,12271,7843
intuit.com,12271,7843,2828,,14436
shutterstock.com,12271,7843,1299,14742,26941
avg.com,12271,7843,1299,15133
wow.com,12271,7843,1668
likes.com,12271,7843,1299,13335
goodreads.com,12271,7843,16509,,16509
office.com,12271,7843,8075
quikr.com,12271,7843,,20940
weebly.com,12271,7843,174,27647
skype.com,12271,7843,174,198015
ndtv.com,12271,7843,3491,9498,17439
ign.com,12271,7843,16509,14618
dmm.com,12271,7843,6939,17676,38043
webssearches.com,12271,7843,21859
stumbleupon.com,12271,7843,3549,53922
pandora.com,12271,7843,6461,40428
wordreference.com,12271,7843,6453,16552
pchome.net,12271,7843,2828,4837,4808
bilibili.com,12271,7843,4134,58461,37963
ijreview.com,12271,7843,1299,13335
uptodown.com,12271,7843,20940
force.com,12271,7843,3356,12008
mashable.com,12271,7843,20940
mlb.com,12271,7843,3356,11251
hootsuite.com,12271,7843,16509,14618
xywy.com,12271,7843,,9304,55355,,133478
youm7.com,12271,7843,1299,13335
hulu.com,12271,7843,20940
bet365.com,12271,7843,174,34587
webmd.com,12271,7843,3356,46244
github.io,12271,7843,3356,54113
steampowered.com,12271,7843
hdfcbank.com,12271,7843,6453,4755
tube8.com,12271,7843,1299,30361
usatoday.com,12271,7843,2828,21735
capitalone.com,12271,7843,2828,701,19769
hp.com,12271,7843,2828,7018,71,10782
teepr.com,12271,7843,1299,13335
chinatimes.com,12271,7843,2828,2914,4780
icicibank.com,12271,7843,6453,,4755,17436
bomb01.com,12271,7843,1299,13335
wsj.com,12271,7843,3356,7105
udn.com,12271,7843,3356,4780
engadget.com,12271,7843,1668,,1668
gameforge.com,12271,7843,3356,47195
reimageplus.com,12271,7843,1299,13335
samsung.com,12271,7843,3549,6619
speedtest.net,12271,7843,6453,33517
fedex.com,12271,7843,4323,7726
mobile01.com,12271,7843,3356,3462
rediff.com,12271,7843
bloomberg.com,12271,7843,2828,,209,10361
staticwebdom.com,12271,7843,174,26496
jabong.com,12271,7843,20940
haosou.com,12271,7843,4134,23724
media.tumblr.com,12271,7843,16509
dell.com,12271,7843,4323,3614
rutracker.org,12271,7843,3356,9002,47105
39.net,12271,7843,4134,58543
theladbible.com,12271,7843,1299,13335
answers.com,12271,7843,2828,32526
accuweather.com,12271,7843,2828,7018,12240
trackingclick.net,12271,7843,174,,22612
slickdeals.net,12271,7843,3356,33047
trklnks.com,12271,7843,6461,558
bleacherreport.com,12271,7843,16509,14618
vipcpms.com,12271,7843,2828,701,27257
whatsapp.com,12271,7843,36351
spotify.com,12271,7843,3549,29017,43650
gsmarena.com,12271,7843,3356,24940
flirchi.com,12271,7843,174,28907
lifehacker.com,12271,7843,3356,54113
kompas.com,12271,7843,6453,55794,23700,18365
varzesh3.com,12271,7843,1299,31549
newegg.com,12271,7843,4323,40067
zendesk.com,12271,7843,3356,19994
iqiyi.com,12271,7843,4134,4812
verizonwireless.com,12271,7843,3356,12079
4shared.com,12271,7843,3356,40824
privatehomeclips.com,12271,7843,1299,13335
photobucket.com,12271,7843,6461,14173
infusionsoft.com,12271,7843,3356,,19994
nba.com,12271,7843,3356,5662
webtretho.com,12271,7843,3491,45899,7643
time.com,12271,7843,1299,2635
fiverr.com,12271,7843,1299,33047
2ch.net,12271,7843,1299,13335
scribd.com,12271,7843,3356,54113
disqus.com,12271,7843,3356,54113
eastmoney.com,12271,7843,4134,4812
babytree.com,12271,7843,4134,23724
thefreedictionary.com,12271,7843,3356,39326,52148
sabq.org,12271,7843,1299,13335
tistory.com,12271,7843,2828,9318
onlinesbi.com,12271,7843,3549,,9583
meetup.com,12271,7843,1299,13335
evernote.com,12271,7843,3356,53635
drseks.com,12271,7843,3356,133618
irs.gov,12271,7843,6461,13506
ero-advertising.com,12271,7843,3356,24642
sahibinden.com,12271,7843,1299,9121
gizmodo.com,12271,7843,7922,54113
xda-developers.com,12271,7843,3356,30633
buzzfil.net,12271,7843,1299,13335
macys.com,12271,7843,20940
lady8844.com,12271,7843,4134
bestadbid.com,12271,7843,3549,35415
att.com,12271,7843,2828,7018,797
eksisozluk.com,12271,7843,1299,9121,42910
trello.com,12271,7843,6453,19551
bhaskar.com,12271,7843,20940
justdial.com,12271,7843,6453,,4755,132415
fbcdn.net,12271,7843,32934
albawabhnews.com,12271,7843,1299,13335
kickstarter.com,12271,7843,16509
twimg.com,12271,7843,2828,2914,4713
reuters.com,12271,7843,3561
ck101.com,12271,7843,6461,18450
oracle.com,12271,7843,3356,794
exoclick.com,12271,7843,3356,16276
ink361.com,12271,7843,16509,14618
chaturbate.com,12271,7843,3356,20454
uploaded.net,12271,7843,174,12989,199156
expedia.com,12271,7843,3356,12008
lowes.com,12271,7843,2828,701,11486
moz.com,12271,7843,1299,19551
citibank.com,12271,7843,3356,32287
detik.com,12271,7843,1299,38158,24211
surveymonkey.com,12271,7843,1299,12182,18915
rt.com,12271,7843,3356,9002,42014
naukri.com,12271,7843,6453,38895
battle.net,12271,7843,2828,7018,17233
taleo.net,12271,7843,6461,7160
liputan6.com,12271,7843,6453,38895
trulia.com,12271,7843,6461,46950
list-manage.com,12271,7843,3356,14782
goal.com,12271,7843,2828,3257,5089,199710
csdn.net,12271,7843,4134,23724
marca.com,12271,7843,174,9052
java.com,12271,7843
tlbb8.com,12271,7843,6461,40034
hudong.com,12271,7843,3356,7497,23844
hupu.com,12271,7843,2828,4837
kouclo.com,12271,7843,4134,4847,4808
pcpop.com,12271,7843,4134,23724
agoda.com,12271,7843,2828,2914,45530
techcrunch.com,12271,7843,1299,2635
theverge.com,12271,7843,6453,33517
retailmenot.com,12271,7843,3356,12008
kooora.com,12271,7843,2828,2914,19551
gap.com,12271,7843,6461,13328
paytm.com,12271,7843,6453,38895
icloud.com,12271,7843,2828,714
realtor.com,12271,7843,3356,32787,11669
wonderlandads.com,12271,7843,3549,35415
doubleclick.com,12271,7843,2828,15169
hdzog.com,12271,7843,1299,13335
6pm.com,12271,7843,16509,14618
mi.com,12271,7843,4134,23724
okcupid.com,12271,7843,1299,13335
hotels.com,12271,7843,2828,209,20296
elpais.com,12271,7843,3356,50974
zippyshare.com,12271,7843,3356,16276
asos.com,12271,7843,1299,34922
xe.com,12271,7843,,6327,12188
eyny.com,12271,7843,36351
nordstrom.com,12271,7843,6453,30060
tmz.com,12271,7843,16509,14618
mystartsearch.com,12271,7843,21859
codecanyon.net,12271,7843,3356,19994
vetogate.com,12271,7843,1299,13335
onedio.com,12271,7843,1299,16509
4dsply.com,12271,7843,6461,558
npr.org,12271,7843,3561
issuu.com,12271,7843,16509,14618
iplt20.com,12271,7843,16509
bitly.com,12271,7843,6453,7342,30060
wunderground.com,12271,7843,6461,36347
savefrom.net,12271,7843,6461,13213,29302
constantcontact.com,12271,7843,2828,40444
subscene.com,12271,7843,1299,13335
kayak.com,12271,7843,1299,14742,36116
beeg.com,12271,7843,174,,39572
goodgamestudios.com,12271,7843,3356,16509
kohls.com,12271,7843,16625
ashleyrnadison.com,12271,7843,174,23136
b5m.com,12271,7843,4134,,23650
duckduckgo.com,12271,7843,16509,14618
ehow.com,12271,7843,174,62650
glassdoor.com,12271,7843,1299,13335
shopclues.com,12271,7843,3491,9498,17439
ancestry.com,12271,7843,6453,32787,36175
tabelog.com,12271,7843,6939,17676,23816,4694
chinaz.com,12271,7843,4134,58543
cbssports.com,12271,7843,2828,6641
houzz.com,12271,7843,6461,26277
hm.com,12271,7843,3356,15395
airbnb.com,12271,7843,16509,14618
siteadvisor.com,12271,7843,6461,7754
youboy.com,12271,7843,4134,58543
taringa.net,12271,7843,3549,10481
cnzz.com,12271,7843,4134,58461,37963
souq.com,12271,7843,6453,32787
statcounter.com,12271,7843,1299,13335
slimspots.com,12271,7843,3356,16276
jqw.com,12271,7843,4134,,133775,23456
58.com,12271,7843,2828,4837,4808,9308
youtube-mp3.org,12271,7843,1299,16276
gamefaqs.com,12271,7843,2828,6623
woot.com,12271,7843,16509,14618
urdupoint.com,12271,7843,1299,13335
nbcnews.com,12271,7843,7922
fidelity.com,12271,7843,2828,7018,40923
aweber.com,12271,7843,6453,32787,11810
eastday.com,12271,7843,4134,4812
hostgator.com,12271,7843,36351
all2lnk.com,12271,7843,174,28907
verizon.com,12271,7843,20940
ganji.com,12271,7843,4134,,4835,9308
playstation.com,12271,7843,3356,32787
overstock.com,12271,7843,3356,25655
pof.com,12271,7843,6939,54652
stockstar.com,12271,7843,4134,4812
domaintools.com,12271,7843,2828,11404,17318
donga.com,12271,7843,4766
nike.com,12271,7843,6453,701,,701,2154
urbandictionary.com,12271,7843,16509,,16509
abcnews.go.com,12271,7843,3356,8137
it168.com,12271,7843,4134,23724
eventbrite.com,12271,7843,16509,14618
lolwot.com,12271,7843,1299,27357
azlyrics.com,12271,7843,3356,60781
gawker.com,12271,7843,3356,54113
asana.com,12271,7843,16509,14618
ca.gov,12271,7843,2828,7018,,1226
box.com,12271,7843,3356,33011
moneycontrol.com,12271,7843,6453,,4755,17439
instructables.com,12271,7843,3356,36024
googleapis.com,12271,7843,2828,15169
shopify.com,12271,7843,16509,14618
lenovo.com,12271,7843,6461,16805,22576
php.net,12271,7843,6939
youjizz.com,12271,7843,1299,30361
people.com,12271,7843,3356,33517
eonline.com,12271,7843,7922,,17060
jimdo.com,12271,7843,3356,15456
sex.com,12271,7843,3356,46609
timeanddate.com,12271,7843,7922,32244
statsmobi.com,12271,7843,6461,7296
youdao.com,12271,7843,2828,4837,4808
vnexpress.net,12271,7843,1273,18403,45894
sears.com,12271,7843
livescore.com,12271,7843,1299,16509
kinogo.net,12271,7843,1299,13335
southwest.com,12271,7843,6453,1239,12179,29816
elmogaz.com,12271,7843,1299,13335
nifty.com,12271,7843,2516,,2510
latimes.com,12271,7843,4323,11420
rottentomatoes.com,12271,7843,6461,23342
academia.edu,12271,7843,16509,14618
aparat.com,12271,7843,1299,56402
swagbucks.com,12271,7843,3356,20093
drudgereport.com,12271,7843,2828,2914,26458
squarespace.com,12271,7843,6453,32787,53831
allrecipes.com,12271,7843,6461,14744
hespress.com,12271,7843,1299,13335
staples.com,12271,7843,2828,7018,19443
warofclicks.com,12271,7843,8075
omnaling.com,12271,7843,3356
pinimg.com,12271,7843,16509,14618
shareba.com,12271,7843,1299,13335
fanli.com,12271,7843,4134,4847,4808
seesaa.net,12271,7843,2516,,9370
in.com,12271,7843,6453,,17439
bodybuilding.com,12271,7843,4323,14230
discovercard.com,12271,7843,16625
costco.com,12271,7843,2828,7018,11283
slate.com,12271,7843,16509,14618
bookmyshow.com,12271,7843,6453,38895
etao.com,12271,7843,2828,4837,17621,37963
ero-video.net,12271,7843,174,54782
ci123.com,12271,7843,4134,,23650
dianping.com,12271,7843,4134,4812
17ok.com,12271,7843,2828,4837,4808,23844,4847,4808
nydailynews.com,12271,7843,3356,54113
priceline.com,12271,7843,23274
nhl.com,12271,7843,6461,20149
onlylady.com,12271,7843,2828,4837,4808
pch.com,12271,7843,3356,20021
nmisr.com,12271,7843,1299,13335
digikala.com,12271,7843,1273,16322
neobux.com,12271,7843,1299,19551
soku.com,12271,7843,4134,23724
zulily.com,12271,7843,3356,32787
efix.com,12271,7843,1299,13335
xunlei.com,12271,7843,2828,4837,17816,17623
cracked.com,12271,7843,3356,62650
wetransfer.com,12271,7843,3356,16509
haber7.com,12271,7843,1299,9121,42910
tribunnews.com,12271,7843,6453,38895
cnblogs.com,12271,7843,4134,,58461,37963
slack.com,12271,7843,16509,14618
odesk.com,12271,7843,1299,13335
rapidgator.net,12271,7843,174,50098
globososo.com,12271,7843,36351
adsrvmedia.net,12271,7843,3356,26496
chron.com,12271,7843,6461,33070
wiktionary.org,12271,7843,1299,14907
twoo.com,12271,7843,174,41471
shareasale.com,12271,7843,2828,2914
vcommission.com,12271,7843,7922,20013
myntra.com,12271,7843,3356,9498,17439
elwatannews.com,12271,7843,1299,13335
douyutv.com,12271,7843,2516
pantip.com,12271,7843,1273,45629,4618
wired.com,12271,7843,16509,14618
